algo,n,seed,it1,it2,it3,it4,it5,it6,it7,it8,it9,it10,it11,it12,it13,it14,it15,it16,it17,it18,it19,it20,it21,it22,it23,it24,it25,it26,it27,it28,it29,it30,it31,it32,it33,it34,it35,it36,it37,it38,it39,it40,it41,it42,it43,it44,it45,it46,it47,it48,it49,it50,it51,it52,it53,it54,it55,it56,it57,it58,it59,it60,it61,it62,it63,it64,it65,it66,it67,it68,it69,it70,it71,it72,it73,it74,it75,it76,it77,it78,it79,it80,it81,it82,it83,it84,it85,it86,it87,it88,it89,it90,it91,it92,it93,it94,it95,it96,it97,it98,it99,it100
aco,20,1,4.56,3.84,3.75,3.58,3.58,3.58,3.58,3.58,3.58,3.58,3.58,3.58,3.58,3.58,3.5,3.5,3.5,3.5,3.5,3.5,3.5,3.5,3.5,3.5,3.3,3.3,3.3,3.3,3.3,3.19,3.19,3.19,3.19,3.19,3.19,3.19,3.19,3.19,3.19,3.19,3.19,3.19,3.19,3.19,,,,,,,,,,,,,,,,,,,,,,,,,,,,,,,,,,,,,,,,,,,,,,,,,,,,,,,,
aco,20,2,5.5,4.7,4.7,4.7,4.7,4.7,4.7,4.7,4.7,4.57,4.57,4.46,4.46,4.46,4.46,4.46,4.46,4.46,4.46,4.46,4.46,4.46,4.46,4.46,4.46,4.46,,,,,,,,,,,,,,,,,,,,,,,,,,,,,,,,,,,,,,,,,,,,,,,,,,,,,,,,,,,,,,,,,,,,,,,,,,
aco,20,3,4.7,4.7,4.7,4.7,4.7,4.65,4.49,4.49,4.49,4.49,4.49,4.23,4.23,4.23,4.23,4.23,4.23,4.23,4.23,4.23,4.23,4.23,4.23,4.23,4.23,4.23,,,,,,,,,,,,,,,,,,,,,,,,,,,,,,,,,,,,,,,,,,,,,,,,,,,,,,,,,,,,,,,,,,,,,,,,,,
pso,20,1,7.41,7.41,7.41,7.17,6.84,6.84,6.84,6.84,6.83,6.83,6.79,6.79,6.37,6.28,6.28,6.28,6.28,6.28,6.28,6.22,6.22,6.22,6.22,6.22,6.22,6.22,6.22,6.22,6.22,6.22,6.22,6.22,6.22,6.22,6.22,6.22,6.08,6.08,6.08,6.08,6.08,6.08,6.08,6.08,6.08,6.08,6.08,6.08,6.08,6.08,6.08,6.08,6.08,6.08,6.08,6.08,6.08,6.08,6.08,6.08,6.08,6.08,6.08,6.08,6.08,6.08,6.08,6.08,6.08,6.08,6.08,6.08,6.08,6.08,6.08,6.08,6.08,6.08,6.08,6.08,6.08,6.08,6.08,6.08,6.08,6.08,,,,,,,,,,,,,,
pso,20,2,8.72,8.72,8.43,7.53,7.49,7.49,7.49,7.49,7.41,7.09,7.09,7.09,6.98,6.98,6.98,6.98,6.98,6.69,6.69,6.69,6.69,6.65,6.65,6.65,6.64,6.26,6.26,6.22,6.22,6.22,6.15,6.07,6.01,6.01,6.01,6.01,6.01,6.0,5.94,5.94,5.94,5.94,5.94,5.94,5.94,5.94,5.94,5.94,5.94,5.94,5.94,5.94,5.94,5.94,5.94,5.94,5.94,5.94,5.94,5.94,5.94,5.94,5.94,5.94,5.94,5.94,5.94,5.94,5.94,5.94,5.94,5.94,5.94,5.94,5.94,5.94,5.94,5.94,5.94,5.94,5.94,5.94,5.94,5.94,5.94,5.94,5.94,5.94,,,,,,,,,,,,
pso,20,3,8.24,8.24,7.74,7.31,7.31,7.31,7.0,7.0,7.0,7.0,6.93,6.9,6.9,6.9,6.9,6.9,6.9,6.9,6.9,6.9,6.9,6.9,6.84,6.84,6.84,6.84,6.74,6.61,6.61,6.61,6.61,6.61,6.61,6.61,6.61,6.61,6.61,6.61,6.61,6.61,6.61,6.61,6.61,6.61,6.6,6.6,6.6,6.53,6.53,6.52,6.17,6.17,6.17,6.17,6.17,6.17,6.17,6.17,6.17,6.17,6.17,6.17,6.17,6.17,6.17,6.17,6.17,6.17,6.17,6.17,6.17,6.17,6.17,6.17,6.17,6.17,6.17,6.17,6.17,6.17,6.17,6.17,6.17,6.17,6.17,6.17,6.17,6.17,6.17,6.17,6.17,6.17,6.17,6.17,6.17,6.17,6.17,6.17,6.17,6.17
aco,2000,1,46.64,46.51,46.05,45.76,45.76,45.76,45.76,,,,,,,,,,,,,,,,,,,,,,,,,,,,,,,,,,,,,,,,,,,,,,,,,,,,,,,,,,,,,,,,,,,,,,,,,,,,,,,,,,,,,,,,,,,,,
aco,2000,2,46.97,46.97,46.97,46.8,46.36,46.36,45.67,45.67,45.67,45.67,,,,,,,,,,,,,,,,,,,,,,,,,,,,,,,,,,,,,,,,,,,,,,,,,,,,,,,,,,,,,,,,,,,,,,,,,,,,,,,,,,,,,,,,,,
aco,2000,3,46.84,46.42,46.42,45.89,45.89,45.89,45.89,,,,,,,,,,,,,,,,,,,,,,,,,,,,,,,,,,,,,,,,,,,,,,,,,,,,,,,,,,,,,,,,,,,,,,,,,,,,,,,,,,,,,,,,,,,,,
pso,2000,1,1015.65,1005.78,1005.78,1004.25,1004.25,1004.25,1004.25,998.51,998.51,998.51,998.51,998.51,998.51,998.51,998.51,998.51,998.51,998.51,998.51,998.51,998.51,998.51,,,,,,,,,,,,,,,,,,,,,,,,,,,,,,,,,,,,,,,,,,,,,,,,,,,,,,,,,,,,,,,,,,,,,,,,,,,,,,
pso,2000,2,1011.83,1007.72,1007.06,1002.68,1002.68,1002.68,1002.68,1002.68,1002.68,1002.68,1002.68,1002.68,1002.68,1002.68,1002.68,1002.68,1002.68,1002.68,,,,,,,,,,,,,,,,,,,,,,,,,,,,,,,,,,,,,,,,,,,,,,,,,,,,,,,,,,,,,,,,,,,,,,,,,,,,,,,,,,
pso,2000,3,1021.49,1021.49,1021.49,1021.49,1021.49,1021.49,1021.49,1018.77,1014.69,1014.69,1014.69,1014.69,1014.69,1014.69,1014.69,1014.69,1014.69,1014.69,1014.69,1014.69,1014.69,1014.69,1014.69,,,,,,,,,,,,,,,,,,,,,,,,,,,,,,,,,,,,,,,,,,,,,,,,,,,,,,,,,,,,,,,,,,,,,,,,,,,,,
aco,200000,1,,,,,,,,,,,,,,,,,,,,,,,,,,,,,,,,,,,,,,,,,,,,,,,,,,,,,,,,,,,,,,,,,,,,,,,,,,,,,,,,,,,,,,,,,,,,,,,,,,,,
aco,200000,2,,,,,,,,,,,,,,,,,,,,,,,,,,,,,,,,,,,,,,,,,,,,,,,,,,,,,,,,,,,,,,,,,,,,,,,,,,,,,,,,,,,,,,,,,,,,,,,,,,,,
aco,200000,3,,,,,,,,,,,,,,,,,,,,,,,,,,,,,,,,,,,,,,,,,,,,,,,,,,,,,,,,,,,,,,,,,,,,,,,,,,,,,,,,,,,,,,,,,,,,,,,,,,,,
pso,200000,1,,,,,,,,,,,,,,,,,,,,,,,,,,,,,,,,,,,,,,,,,,,,,,,,,,,,,,,,,,,,,,,,,,,,,,,,,,,,,,,,,,,,,,,,,,,,,,,,,,,,
pso,200000,2,,,,,,,,,,,,,,,,,,,,,,,,,,,,,,,,,,,,,,,,,,,,,,,,,,,,,,,,,,,,,,,,,,,,,,,,,,,,,,,,,,,,,,,,,,,,,,,,,,,,
pso,200000,3,,,,,,,,,,,,,,,,,,,,,,,,,,,,,,,,,,,,,,,,,,,,,,,,,,,,,,,,,,,,,,,,,,,,,,,,,,,,,,,,,,,,,,,,,,,,,,,,,,,,
