algo,n,seed,length,t_total,peak_kb
aco,20,1,3.19,0.004,4040
aco,20,2,4.46,0.002,3960
aco,20,3,4.23,0.002,4064
pso,20,1,6.08,0.001,3796
pso,20,2,5.94,0.002,3852
pso,20,3,6.17,0.001,3828
aco,2000,1,41.6,0.303,4344
aco,2000,2,41.46,0.379,4312
aco,2000,3,41.53,0.284,4248
pso,2000,1,394.67,0.115,4112
pso,2000,2,395.03,0.094,4216
pso,2000,3,391.75,0.106,4216
aco,200000,1,482.05,2.002,9648
aco,200000,2,482.59,2.076,9656
aco,200000,3,482.68,2.1,9464
pso,200000,1,6715.7,0.478,9036
pso,200000,2,6720.21,0.449,9152
pso,200000,3,6716.3,0.423,9136
