n,pop,iters,evals,t_pso,t_2opt,t_total,longitud,peak_kb,rss_delta_mb
20,30,300,9000,0.003,0.0,0.003,5.95,3788,0.1
100,30,300,9000,0.025,0.0,0.025,40.9,3800,0.1
500,500,100,50000,0.77,0.0,0.771,86.18,6492,0.1
1000,1000,100,100000,3.478,0.0,3.482,186.79,15468,0.1
2000,2000,100,200000,5.753,0.001,5.77,383.54,50500,0.1
20000,32,40,32000,0.461,0.0,0.462,1977.19,7244,3.6
50000,32,40,81920,1.033,0.0,1.037,3070.91,7728,3.8
100000,32,40,154880,2.24,0.0,2.244,4482.61,9304,4.6
200000,32,40,288000,4.375,0.0,4.385,6591.53,11604,6.0
