n,ants,iters,ant_tours,t_knn,t_aco,t_2opt,t_total,longitud,peak_kb,rss_delta_mb
20,20,50,1000,0.0,0.003,0.0,0.003,3.65,4028,0.3
100,100,50,5000,0.001,0.427,0.0,0.428,12.63,4192,0.4
500,500,10,5000,0.005,0.7,0.001,0.707,20.46,4060,0.3
1000,1000,10,10000,0.029,6.834,0.001,6.869,29.5,4132,0.4
2000,2000,10,20000,0.083,34.062,0.002,34.164,41.53,4292,0.5
20000,20000,2,40000,0.0,4.67,0.0,4.671,152.08,5692,1.9
50000,50000,2,100000,0.0,11.19,0.0,11.194,238.95,6036,2.3
100000,100000,2,200000,0.0,25.829,0.0,25.835,338.45,7044,3.2
200000,200000,2,400000,0.0,51.883,0.0,51.895,479.26,9652,4.4
